kind,split,model,horizon,mae,rmse,wape,mase,zero_share
model,test,lightgbm,h1h,0.0465,0.0834,0.5094,0.5361,0.533
model,test,xgboost,h1h,0.0471,0.0799,0.5163,0.5433,0.533
model,test,ensemble,h1h,0.0472,0.0816,0.5177,0.5449,0.533
model,test,catboost,h1h,0.0502,0.0863,0.5506,0.5795,0.533
baseline,test,pred_current,h1h,0.056,0.1018,0.6135,0.6457,0.533
baseline,test,pred_yesterday,h1h,0.0829,0.1369,0.9083,0.9559,0.533
baseline,test,pred_last_week,h1h,0.0833,0.1356,0.9131,0.961,0.533
model,valid,lightgbm,h1h,0.0471,0.0852,0.4998,0.5434,0.5346
model,valid,xgboost,h1h,0.0474,0.0816,0.5032,0.5471,0.5346
model,valid,ensemble,h1h,0.0479,0.0834,0.508,0.5523,0.5346
model,valid,catboost,h1h,0.0513,0.0886,0.5439,0.5913,0.5346
baseline,valid,pred_current,h1h,0.0566,0.104,0.6008,0.6532,0.5346
baseline,valid,pred_yesterday,h1h,0.084,0.1407,0.8917,0.9694,0.5346
baseline,valid,pred_last_week,h1h,0.0862,0.1409,0.9147,0.9945,0.5346
model,test,lightgbm,h24h,0.048,0.0886,0.644,0.5045,0.6126
model,test,ensemble,h24h,0.0486,0.0867,0.6526,0.5112,0.6126
model,test,xgboost,h24h,0.0491,0.0847,0.6594,0.5165,0.6126
model,test,catboost,h24h,0.0503,0.091,0.6755,0.5291,0.6126
baseline,test,pred_current,h24h,0.0832,0.1362,1.1167,0.8747,0.6126
baseline,test,pred_last_week,h24h,0.088,0.143,1.1812,0.9253,0.6126
baseline,test,pred_yesterday,h24h,0.0886,0.1453,1.1883,0.9308,0.6126
model,valid,lightgbm,h24h,0.0519,0.0941,0.6269,0.546,0.5875
model,valid,ensemble,h24h,0.0525,0.0922,0.6335,0.5517,0.5875
model,valid,xgboost,h24h,0.0527,0.0899,0.6362,0.5541,0.5875
model,valid,catboost,h24h,0.0546,0.0968,0.6587,0.5737,0.5875
baseline,valid,pred_current,h24h,0.0847,0.1393,1.0218,0.8899,0.5875
baseline,valid,pred_last_week,h24h,0.0893,0.1459,1.078,0.9389,0.5875
baseline,valid,pred_yesterday,h24h,0.0904,0.1495,1.0904,0.9497,0.5875
model,test,lightgbm,h2h,0.0482,0.0877,0.5872,0.6241,0.5826
model,test,xgboost,h2h,0.0483,0.0833,0.5882,0.6251,0.5826
model,test,ensemble,h2h,0.0484,0.0849,0.5898,0.6268,0.5826
model,test,catboost,h2h,0.0513,0.0891,0.6242,0.6633,0.5826
baseline,test,pred_current,h2h,0.0723,0.1245,0.8809,0.9362,0.5826
baseline,test,pred_yesterday,h2h,0.0838,0.1399,1.0204,1.0844,0.5826
baseline,test,pred_last_week,h2h,0.0859,0.1406,1.0464,1.1121,0.5826
model,valid,xgboost,h2h,0.0483,0.0848,0.5714,0.6251,0.5852
model,valid,lightgbm,h2h,0.0487,0.0894,0.5756,0.6297,0.5852
model,valid,ensemble,h2h,0.0489,0.0867,0.5779,0.6322,0.5852
model,valid,catboost,h2h,0.0519,0.0911,0.6145,0.6722,0.5852
baseline,valid,pred_current,h2h,0.0734,0.1274,0.8681,0.9496,0.5852
baseline,valid,pred_yesterday,h2h,0.0846,0.1434,1.0012,1.0952,0.5852
baseline,valid,pred_last_week,h2h,0.0891,0.1461,1.0535,1.1524,0.5852
model,test,xgboost,h3h,0.0429,0.0791,0.6033,0.6466,0.6366
model,test,lightgbm,h3h,0.0433,0.0837,0.6084,0.652,0.6366
model,test,ensemble,h3h,0.0434,0.0809,0.609,0.6527,0.6366
model,test,catboost,h3h,0.0474,0.0883,0.6658,0.7135,0.6366
baseline,test,pred_current,h3h,0.0789,0.1338,1.1089,1.1883,0.6366
baseline,test,pred_yesterday,h3h,0.0837,0.1413,1.1753,1.2595,0.6366
baseline,test,pred_last_week,h3h,0.0878,0.1444,1.233,1.3214,0.6366
model,valid,xgboost,h3h,0.0427,0.0803,0.5863,0.6433,0.6403
model,valid,lightgbm,h3h,0.0436,0.0852,0.5975,0.6557,0.6403
model,valid,ensemble,h3h,0.0437,0.0827,0.5998,0.6582,0.6403
model,valid,catboost,h3h,0.0484,0.0909,0.6637,0.7283,0.6403
baseline,valid,pred_current,h3h,0.0801,0.1373,1.0996,1.2067,0.6403
baseline,valid,pred_yesterday,h3h,0.0841,0.1446,1.1532,1.2655,0.6403
baseline,valid,pred_last_week,h3h,0.0907,0.1496,1.2441,1.3652,0.6403
